rank,file,icsd_code,score,verdict,temperature_k,temperature_note,space_group,citation_year,method_hint,has_anisotropic_displacements,min_occupancy,mean_coordinate_uncertainty,cell_a,cell_b,cell_c,volume,n_o_distance_angstrom,o_n_o_angle_deg,citation_title,reasons
1,EntryWithCollCode82857.cif,82857,96.000,best target,295,assumed room-temperature entry from source.md,I m 2 m,1996,unspecified,True,1,6e-05,3.5653,5.5728,5.3846,106.99,1.25059,114.67,The refinement of the structure of ferroelectric sodium nitride,ferroelectric Im2m model; temperature close to target (assumed room-temperature entry from source.md); method not explicit in CIF title; high fractional-coordinate precision; anisotropic displacement parameters present; complete ordered Na/N/O occupancies; modern refinement
2,EntryWithCollCode68707.cif,68707,85.000,strong comparison,120,_diffrn_ambient_temperature,I m 2 m,1990,electron_density,True,1,0.000103333,3.518,5.535,5.382,104.8,1.25472,114.615,Electron density distribution in crystals of sodium nitrite at 12O K,ferroelectric Im2m model; temperature comparison case (_diffrn_ambient_temperature); electron/deformation-density study; good fractional-coordinate precision; anisotropic displacement parameters present; complete ordered Na/N/O occupancies; modern refinement
3,EntryWithCollCode280361.cif,280361,82.000,strong comparison,30,_diffrn_ambient_temperature,I m 2 m,2000,electron_density,True,1,3.66667e-05,3.5024,5.5209,5.3789,104.01,1.25543,114.647,"X-ray study of deformation density and spontaneous polarization in
ferroelectric Na N O2",ferroelectric Im2m model; temperature far from target (_diffrn_ambient_temperature); electron/deformation-density study; high fractional-coordinate precision; anisotropic displacement parameters present; complete ordered Na/N/O occupancies; modern refinement
4,EntryWithCollCode174034.cif,174034,75.000,strong comparison,423,_diffrn_ambient_temperature,I m 2 m,1970,neutron,False,1,0.00133333,3.6,5.75,5.35,110.75,1.25238,112.82,Neutron diffraction study of Na N O2,ferroelectric Im2m model; temperature comparison case (_diffrn_ambient_temperature); neutron refinement/source; moderate fractional-coordinate precision; complete ordered Na/N/O occupancies; older but post-1960 source
5,EntryWithCollCode15400.cif,15400,73.000,diagnostic comparison,,not reported,I m 2 m,1961,neutron,False,1,0.000766667,3.56,5.563,5.384,106.63,1.24005,114.86,A neutron diffraction refinement of the low temperature phase of Na N O2,ferroelectric Im2m model; missing explicit temperature; neutron refinement/source; moderate fractional-coordinate precision; complete ordered Na/N/O occupancies; older but post-1960 source
6,EntryWithCollCode60765.cif,60765,72.000,diagnostic comparison,,not reported,I m 2 m,1985,unspecified,True,1,7.25e-05,3.66,5.65,5.365,110.94,1.23276,114.24,"Refinement of the incommensurate crystal structure of Na N O2 in
(3+1)-dimensional space groups",ferroelectric Im2m model; modulated/incommensurate entry is not a simple static cell; missing explicit temperature; method not explicit in CIF title; high fractional-coordinate precision; anisotropic displacement parameters present; complete ordered Na/N/O occupancies; older but post-1960 source
7,EntryWithCollCode9265.cif,9265,71.000,diagnostic comparison,423,_diffrn_ambient_temperature,I m 2 m,1972,unspecified,True,1,0.00135,3.642,5.653,5.375,110.66,1.24223,115.167,"The structure of sodium nitrite at 150, 185, 225 C",ferroelectric Im2m model; temperature comparison case (_diffrn_ambient_temperature); method not explicit in CIF title; moderate fractional-coordinate precision; anisotropic displacement parameters present; complete ordered Na/N/O occupancies; older but post-1960 source
8,EntryWithCollCode43485.cif,43485,68.000,diagnostic comparison,,not reported,I m 2 m,1962,neutron,False,1,,3.569,5.563,5.384,106.9,1.23975,114.903,X-ray and neutron study of the phase transformation of Na N O2,ferroelectric Im2m model; missing explicit temperature; neutron refinement/source; coordinate uncertainties not reported; complete ordered Na/N/O occupancies; older but post-1960 source
9,EntryWithCollCode200411.cif,200411,67.000,diagnostic comparison,,not reported,I m 2 m,1978,xray,True,1,0.0015,3.665,5.67,5.358,111.34,1.22724,117.677,X-ray structure determination of the modulated phase of Na N O2,ferroelectric Im2m model; modulated/incommensurate entry is not a simple static cell; missing explicit temperature; X-ray refinement/source; moderate fractional-coordinate precision; anisotropic displacement parameters present; complete ordered Na/N/O occupancies; older but post-1960 source
10,EntryWithCollCode4243.cif,4243,66.000,diagnostic comparison,435,_diffrn_ambient_temperature,I m 2 m,1975,unspecified,False,1,0.00136667,3.652,5.652,5.362,110.68,1.23701,113.563,The phase transition in sodium nitrite,ferroelectric Im2m model; temperature comparison case (_diffrn_ambient_temperature); method not explicit in CIF title; moderate fractional-coordinate precision; complete ordered Na/N/O occupancies; older but post-1960 source
11,EntryWithCollCode31824.cif,31824,57.000,diagnostic comparison,,not reported,I m 2 m,1931,unspecified,False,1,,3.56,5.57,5.38,106.68,1.14153,132.219,"The crystal structure of sodium nitrite, Na N O2",ferroelectric Im2m model; missing explicit temperature; method not explicit in CIF title; coordinate uncertainties not reported; complete ordered Na/N/O occupancies
12,EntryWithCollCode174035.cif,174035,22.000,poor RT-ferroelectric target,458,_diffrn_ambient_temperature,I m m m,1970,neutron,False,0.5,0.00095,3.68,5.67,5.32,111,1.03362,162.393,Neutron diffraction study of Na N O2,paraelectric Immm model; likely symmetry-averages eta; temperature comparison case (_diffrn_ambient_temperature); neutron refinement/source; moderate fractional-coordinate precision; partial occupancies present; older but post-1960 source
13,EntryWithCollCode9266.cif,9266,18.000,poor RT-ferroelectric target,458,_diffrn_ambient_temperature,I m m m,1972,unspecified,True,0.5,0.00095,3.671,5.67,5.341,111.17,1.03804,162.152,"The structure of sodium nitrite at 150, 185, 225 C",paraelectric Immm model; likely symmetry-averages eta; temperature comparison case (_diffrn_ambient_temperature); method not explicit in CIF title; moderate fractional-coordinate precision; anisotropic displacement parameters present; partial occupancies present; older but post-1960 source
14,EntryWithCollCode174036.cif,174036,12.000,poor RT-ferroelectric target,498,_diffrn_ambient_temperature,I m m m,1970,neutron,False,0.5,0.00225,3.69,5.68,5.27,110.45,1.01132,163.857,Neutron diffraction study of Na N O2,paraelectric Immm model; likely symmetry-averages eta; temperature far from target (_diffrn_ambient_temperature); neutron refinement/source; coarse fractional-coordinate precision; partial occupancies present; older but post-1960 source
15,EntryWithCollCode9267.cif,9267,12.000,poor RT-ferroelectric target,498,_diffrn_ambient_temperature,I m m m,1972,unspecified,True,0.5,0.00135,3.695,5.701,5.298,111.6,1.02067,164.98,"The structure of sodium nitrite at 150, 185, 225 C",paraelectric Immm model; likely symmetry-averages eta; temperature far from target (_diffrn_ambient_temperature); method not explicit in CIF title; moderate fractional-coordinate precision; anisotropic displacement parameters present; partial occupancies present; older but post-1960 source
16,EntryWithCollCode23895.cif,23895,5.000,poor RT-ferroelectric target,458,_diffrn_ambient_temperature,I m m m,1962,unspecified,False,0.5,0.00105,3.681,5.692,5.395,113.04,1.05067,160.726,The disordered structure of Na N O2 at 185 C,paraelectric Immm model; likely symmetry-averages eta; title indicates disorder/paraelectric diffuse scattering; temperature comparison case (_diffrn_ambient_temperature); method not explicit in CIF title; moderate fractional-coordinate precision; partial occupancies present; older but post-1960 source
17,EntryWithCollCode152184.cif,152184,4.000,poor RT-ferroelectric target,438,_diffrn_ambient_temperature,I m m m,2005,unspecified,False,0.5,0.00125,3.653,5.656,5.385,111.26,1.05217,162.063,"Diffuse scattering and ordering in the short-range modulated paraelectric
phase of sodium nitrite",paraelectric Immm model; likely symmetry-averages eta; title indicates disorder/paraelectric diffuse scattering; modulated/incommensurate entry is not a simple static cell; temperature comparison case (_diffrn_ambient_temperature); method not explicit in CIF title; moderate fractional-coordinate precision; partial occupancies present; modern refinement
18,EntryWithCollCode152186.cif,152186,4.000,poor RT-ferroelectric target,460,_diffrn_ambient_temperature,I m m m,2005,unspecified,False,0.5,0.00125,3.685,5.7,5.351,112.4,1.04775,160.582,"Diffuse scattering and ordering in the short-range modulated paraelectric
phase of sodium nitrite",paraelectric Immm model; likely symmetry-averages eta; title indicates disorder/paraelectric diffuse scattering; modulated/incommensurate entry is not a simple static cell; temperature comparison case (_diffrn_ambient_temperature); method not explicit in CIF title; moderate fractional-coordinate precision; partial occupancies present; modern refinement
19,EntryWithCollCode246897.cif,246897,4.000,poor RT-ferroelectric target,478,_diffrn_ambient_temperature,I m m m,1963,xray,False,0.5,,3.69,5.68,5.33,111.71,1.12812,141.794,X-ray study on the ferroelectric phase transition of Na N O2,paraelectric Immm model; likely symmetry-averages eta; temperature far from target (_diffrn_ambient_temperature); X-ray refinement/source; coordinate uncertainties not reported; partial occupancies present; older but post-1960 source
20,EntryWithCollCode152185.cif,152185,0.000,poor RT-ferroelectric target,442,_diffrn_ambient_temperature,I m m m,2005,unspecified,False,0.5,0.0045,3.661,5.667,5.372,111.45,1.0559,171.382,"Diffuse scattering and ordering in the short-range modulated paraelectric
phase of sodium nitrite",paraelectric Immm model; likely symmetry-averages eta; title indicates disorder/paraelectric diffuse scattering; modulated/incommensurate entry is not a simple static cell; temperature comparison case (_diffrn_ambient_temperature); method not explicit in CIF title; coarse fractional-coordinate precision; partial occupancies present; modern refinement
21,EntryWithCollCode152187.cif,152187,0.000,poor RT-ferroelectric target,480,_diffrn_ambient_temperature,I m m m,2005,unspecified,False,0.5,0.0015,3.706,5.714,5.335,112.97,1.04201,162.336,"Diffuse scattering and ordering in the short-range modulated paraelectric
phase of sodium nitrite",paraelectric Immm model; likely symmetry-averages eta; title indicates disorder/paraelectric diffuse scattering; modulated/incommensurate entry is not a simple static cell; temperature far from target (_diffrn_ambient_temperature); method not explicit in CIF title; moderate fractional-coordinate precision; partial occupancies present; modern refinement
22,EntryWithCollCode15562.cif,15562,0.000,poor RT-ferroelectric target,478,_diffrn_ambient_temperature,I m m m,1943,unspecified,False,0.5,,3.69,5.68,5.33,111.71,1.13523,155.152,A high temperature modification of Na N O2,paraelectric Immm model; likely symmetry-averages eta; temperature far from target (_diffrn_ambient_temperature); method not explicit in CIF title; coordinate uncertainties not reported; partial occupancies present
